Product Name,Price,Offer,Specs
SAMSUNG Galaxy F04 (Jade Purple| 64 GB),₹6999,39% off,4 GB RAM | 64 GB ROM | Expandable Upto 1 TB
Infinix SMART 7 (Azure Blue| 64 GB),₹6999,30% off,4 GB RAM | 64 GB ROM | Expandable Upto 2 TB
Infinix SMART 7 (Azure Blue| 128 GB),₹7799,29% off,4 GB RAM | 128 GB ROM | Expandable Upto 512 GB
Infinix SMART 7 (Emerald Green| 128 GB),₹7799,29% off,4 GB RAM | 128 GB ROM | Expandable Upto 512 GB
POCO C51 (Royal Blue| 64 GB),₹6499,35% off,4 GB RAM | 64 GB ROM | Expandable Upto 1 TB
POCO C51 (Power Black| 64 GB),₹6499,35% off,4 GB RAM | 64 GB ROM | Expandable Upto 1 TB
Infinix SMART 7 (Emerald Green| 64 GB),₹6999,30% off,4 GB RAM | 64 GB ROM | Expandable Upto 2 TB
Infinix Smart 7 HD (Ink Black| 64 GB),₹5999,25% off,2 GB RAM | 64 GB ROM | Expandable Upto 1 TB
Infinix Smart 7 HD (Jade White| 64 GB),₹5999,25% off,2 GB RAM | 64 GB ROM | Expandable Upto 1 TB
Infinix Smart 7 HD (Silk Blue| 64 GB),₹5999,25% off,2 GB RAM | 64 GB ROM | Expandable Upto 1 TB
Infinix Smart 7 HD (Green Apple| 64 GB),₹5999,25% off,2 GB RAM | 64 GB ROM | Expandable Upto 1 TB
Infinix SMART 7 (Night Black| 64 GB),₹6999,30% off,4 GB RAM | 64 GB ROM | Expandable Upto 2 TB
APPLE iPhone 14 (Midnight| 128 GB),₹68999,13% off,128 GB ROM
vivo T2x 5G (Aurora Gold| 128 GB),₹13999,26% off,6 GB RAM | 128 GB ROM
vivo T2x 5G (Aurora Gold| 128 GB),₹15999,23% off,8 GB RAM | 128 GB ROM
vivo T2x 5G (Glimmer Black| 128 GB),₹13999,26% off,6 GB RAM | 128 GB ROM
vivo T2x 5G (Glimmer Black| 128 GB),₹15999,23% off,8 GB RAM | 128 GB ROM
vivo T2x 5G (Marine Blue| 128 GB),₹13999,26% off,6 GB RAM | 128 GB ROM
vivo T2x 5G (Marine Blue| 128 GB),₹15999,23% off,8 GB RAM | 128 GB ROM
POCO C50 (Royal Blue| 32 GB),₹5499,38% off,2 GB RAM | 32 GB ROM | Expandable Upto 512 GB
vivo T2x 5G (Aurora Gold| 128 GB),₹12999,27% off,4 GB RAM | 128 GB ROM
Infinix HOT 30i (Marigold| 128 GB),₹9039,24% off,8 GB RAM | 128 GB ROM | Expandable Upto 1 TB
Infinix HOT 30i (Diamond White| 128 GB),₹9039,24% off,8 GB RAM | 128 GB ROM | Expandable Upto 1 TB
vivo T2x 5G (Marine Blue| 128 GB),₹12999,27% off,4 GB RAM | 128 GB ROM
Product Name,Price,Offer,Specs
Infinix HOT 30i (Diamond White| 64 GB),₹7759,22% off,4 GB RAM | 64 GB ROM | Expandable Upto 1 TB
POCO C55 (Power Black| 128 GB),₹8499,39% off,6 GB RAM | 128 GB ROM | Expandable Upto 1 TB
APPLE iPhone 14 (Midnight| 128 GB),₹68999,13% off,128 GB ROM
POCO C50 (Royal Blue| 32 GB),₹5499,38% off,2 GB RAM | 32 GB ROM | Expandable Upto 512 GB
Infinix SMART 7 (Night Black| 128 GB),₹7799,29% off,4 GB RAM | 128 GB ROM | Expandable Upto 512 GB
POCO C55 (Forest Green| 128 GB),₹8499,39% off,6 GB RAM | 128 GB ROM | Expandable Upto 1 TB
Infinix HOT 30i (Glacier Blue| 64 GB),₹7759,22% off,4 GB RAM | 64 GB ROM | Expandable Upto 1 TB
Infinix HOT 30i (Glacier Blue| 128 GB),₹9039,24% off,8 GB RAM | 128 GB ROM | Expandable Upto 1 TB
Infinix HOT 30i (Mirror Black| 128 GB),₹9039,24% off,8 GB RAM | 128 GB ROM | Expandable Upto 1 TB
realme C53 (Champion Gold| 64 GB),₹10999,15% off,6 GB RAM | 64 GB ROM | Expandable Upto 2 TB
Infinix HOT 30i (Mirror Black| 64 GB),₹7759,22% off,4 GB RAM | 64 GB ROM | Expandable Upto 1 TB
realme C53 (Champion Black| 64 GB),₹10999,15% off,6 GB RAM | 64 GB ROM | Expandable Upto 2 TB
MOTOROLA e13 (Cosmic Black| 64 GB),₹7299,33% off,4 GB RAM | 64 GB ROM | Expandable Upto 1 TB
MOTOROLA G32 (Mineral Gray| 128 GB),₹11999,36% off,8 GB RAM | 128 GB ROM
APPLE iPhone 14 (Purple| 128 GB),₹68999,13% off,128 GB ROM
POCO C55 (Cool Blue| 64 GB),₹7999,33% off,4 GB RAM | 64 GB ROM | Expandable Upto 1 TB
MOTOROLA e32 (Arctic Blue| 64 GB),₹7999,33% off,4 GB RAM | 64 GB ROM | Expandable Upto 1 TB
POCO C50 (Country Green| 32 GB),₹5499,38% off,2 GB RAM | 32 GB ROM | Expandable Upto 512 GB
POCO C55 (Cool Blue| 128 GB),₹8499,39% off,6 GB RAM | 128 GB ROM | Expandable Upto 1 TB
MOTOROLA g13 (Lavender Blue| 128 GB),₹9999,28% off,4 GB RAM | 128 GB ROM | Expandable Upto 1 TB
POCO M5 (Icy Blue| 64 GB),₹8499,46% off,4 GB RAM | 64 GB ROM | Expandable Upto 512 GB
Nokia 105,₹1299,18% off,32 MB RAM | 32 MB ROM
Nokia 105,₹1299,18% off,32 MB RAM | 32 MB ROM
MOTOROLA e13 (Creamy White| 64 GB),₹7299,33% off,4 GB RAM | 64 GB ROM | Expandable Upto 1 TB
